row_index,fixture_id,kind,content_sha256,duplicate_ordinal,text_empty
0,real-truncated-aa20e7ac6246feb9-001,truncated,aa20e7ac6246feb93ef51bc4cd2fb9655347b70299c54872164d2efd8bac923b,1,true
1,real-truncated-aa20e7ac6246feb9-002,truncated,aa20e7ac6246feb93ef51bc4cd2fb9655347b70299c54872164d2efd8bac923b,2,true
2,real-truncated-aa20e7ac6246feb9-003,truncated,aa20e7ac6246feb93ef51bc4cd2fb9655347b70299c54872164d2efd8bac923b,3,true
3,real-truncated-aa20e7ac6246feb9-004,truncated,aa20e7ac6246feb93ef51bc4cd2fb9655347b70299c54872164d2efd8bac923b,4,true
4,real-control_correct-89378d7c9af16411-001,control_correct,89378d7c9af16411ba33c67e08661276430e27df1de4c54a51b038748d14133f,1,false
5,real-control_correct-16e0de893f7ebe3a-001,control_correct,16e0de893f7ebe3a13213ad002fac93a9da3cf702f54ee4789e591e0d1149057,1,false
6,real-truncated-6cbbd1fc624eeadc-001,truncated,6cbbd1fc624eeadcb7a817a430d64d5bcbc1cc4a24588392b3705f9e5fe4e4a8,1,false
7,real-truncated-bd664f49bf0e323e-001,truncated,bd664f49bf0e323ee4ec26e2fbf1fc8adbd7fdb12a8969d09ea3526169ca83d2,1,false
8,real-control_correct-2d3da8c4bfee3c4c-001,control_correct,2d3da8c4bfee3c4cc9012688dc8c8290deb5a570461aee71c602d637da85846a,1,false
9,real-control_correct-c9f62a5de2de08df-001,control_correct,c9f62a5de2de08dfc77d72d8b2f84f6ea6d3608823aa78f304621bc9e35c41e8,1,false
10,real-truncated-491eccf133b25a22-001,truncated,491eccf133b25a2278f0702896facf7eca375eb718146e048ee5963537408024,1,true
11,real-control_correct-c6ddf5c572a35adb-001,control_correct,c6ddf5c572a35adb0254281b068c4420a1c5c4dd1b1a9f017ee70f0110cd5e08,1,false
12,real-control_correct-17d3bfe110828692-001,control_correct,17d3bfe110828692de967059a6b0e65d4241e82640b09a558079e4100b04d49d,1,false
13,real-truncated-6a67539058b9830a-001,truncated,6a67539058b9830a5ac672f50c321ee109f68cdb22acd34ad75340ea31fd9cf3,1,false
14,real-truncated-80007a0418241777-001,truncated,80007a0418241777aff7b034cf991691bc1aa346f27e2799122ccac2e4ed7e28,1,false
15,real-truncated-3e5a56704b99efaf-001,truncated,3e5a56704b99efaf2361ef3903017e4b3499a61e419f8a26777a81521b69d235,1,false
16,real-truncated-0f801e8936e3e652-001,truncated,0f801e8936e3e6526c77b60f779cb5820e22bc873448ecd191be4a575f09322d,1,false
17,real-control_correct-61723f102d6ae8a1-001,control_correct,61723f102d6ae8a100e01afa0a07fad84258d8cf81014235cd3b1edd42368ef2,1,false
18,real-control_correct-255be5d582935302-001,control_correct,255be5d582935302341b8f52aaf459131f6547dc6513751f405c94c9d54600cd,1,false
19,real-truncated-64dca569eb2179ee-001,truncated,64dca569eb2179eec6fae86481129f7f85dd44efec457fd671bd99617c4ed29b,1,false
20,real-truncated-62f658f8621431bd-001,truncated,62f658f8621431bdb3f8cf45a719a32b2e10f936fc37995698cb1ceebd33d13e,1,false
21,real-truncated-d1c8cfdc97ccfed3-001,truncated,d1c8cfdc97ccfed33bea1e96e61c0b3f06807c4cbeb80e835d6f33a8c22dae7c,1,false
22,real-truncated-11ac842eba29ce66-001,truncated,11ac842eba29ce660547cf9b67663fb25295745c19a483056a84c5a812afbb31,1,false
23,real-control_correct-9e251a1ffea90916-001,control_correct,9e251a1ffea90916e891fd13a95155c5441a40d2441a32cc977ae58bb6cf6e06,1,false
24,real-control_correct-43de6f6db2801086-001,control_correct,43de6f6db28010865b8bfe49293221c0444e1e6ecc79c2ece6cec731caba0b34,1,false
25,real-truncated-7d4dcc415df8964c-001,truncated,7d4dcc415df8964cf40bc1e678907711f5fd6c36309737d4bf99b9890fa95a60,1,false
26,real-truncated-40b63e4bb8bc1fc2-001,truncated,40b63e4bb8bc1fc25c26ed63c19cca1091170dd379557f20a6f583d87794e2d3,1,false
27,real-truncated-e4cb8ed5052dcd59-001,truncated,e4cb8ed5052dcd59efd7031d609bc7ba0ae714c199793d7148f2ba4fb9224fc4,1,false
28,real-control_correct-eeb69bc8e4b6afb6-001,control_correct,eeb69bc8e4b6afb69eef6f050208d675f7b61bb0b3388edb2de6d36a70e3b09a,1,false
29,real-control_correct-8e92ff00e3dc8c7f-001,control_correct,8e92ff00e3dc8c7f85a4c1eee00e0912a5ab995c111298b20c43e21bcb1ea94f,1,false
30,real-truncated-5f94257404611a94-001,truncated,5f94257404611a94c888784a1a156c15f1a41873066214e4eb4051baa71200f4,1,false
31,real-truncated-cac6cd311f4a62d6-001,truncated,cac6cd311f4a62d60ed66dfee95db30ccb08e3a207fb596ffa6658e35b0c6630,1,false
32,real-control_correct-c2bfbc405396d110-001,control_correct,c2bfbc405396d110c324d037ed9b56699e0f5d05d3614ea2138a4d94bff04833,1,false
33,real-control_correct-c44a3d80f5ea3ae9-001,control_correct,c44a3d80f5ea3ae98ae8ea126550c6eef88d8dc8916b9c331bdb9d2b2d2aed3d,1,false
34,real-truncated-d8a68b2d62a0e37e-001,truncated,d8a68b2d62a0e37e48abadc310f9e8de863f483291778071927567985171c3ce,1,false
35,real-truncated-6313122c5f9da4b8-001,truncated,6313122c5f9da4b8a25b6209d9d1ce74de4b64a4b0c0217e019ac468ac20fdae,1,false
36,real-truncated-9880d7c411a9144e-001,truncated,9880d7c411a9144e2b5a434eeefbb98c66d693f2963fce9b94e7753b32c17355,1,false
37,real-truncated-c4dd38bcc0c31ad8-001,truncated,c4dd38bcc0c31ad830cc1fdc5255e4fbf0b437bb8d95d5f3fa680c3ad0d15854,1,false
38,real-truncated-c7a933a4b57b2cee-001,truncated,c7a933a4b57b2cee88ffc8dea74fc8aa8018e9de029650d8b3cecabc0f328674,1,false
39,real-truncated-7ae317e50e0d73c5-001,truncated,7ae317e50e0d73c550c1419e2698e03eeb87bff3d8fd206b2830f1c26e967978,1,false
40,real-control_correct-45c33fc7f4b89ab1-001,control_correct,45c33fc7f4b89ab1c6dc531cc2037c6f12f31be942521e464900010642f4fb89,1,false
41,real-control_correct-2ec159fcc5ac75cf-001,control_correct,2ec159fcc5ac75cf4ebc9c3051d92d8777aa987432728792bc4527d3da0c6c20,1,false
42,real-truncated-9ecfc35fcefae241-001,truncated,9ecfc35fcefae241d9aff4cfd6584fec5db6c121c1b59a2bfd6979a273952041,1,false
43,real-truncated-acb3a5295c56829c-001,truncated,acb3a5295c56829c5d2a6c8372c0d9edd0283c757b724a377d1a4cbf115ac06b,1,false
44,real-control_correct-4bc94d1cce22bd8b-001,control_correct,4bc94d1cce22bd8bcb4c933bcaf6485b88e1fe8ac98a2e264ee5741c5535677d,1,false
45,real-control_correct-02db4d1921acd1d7-001,control_correct,02db4d1921acd1d752661ca2b087a422bb9c2fd1fc93832455f74d458d645548,1,false
46,real-truncated-25007c1e26d4eeb2-001,truncated,25007c1e26d4eeb27368ff6de1fbcfcd86a809f19a3c6e46fb0e742d19b12ae6,1,false
47,real-truncated-ba728ce1826746c2-001,truncated,ba728ce1826746c238742f8b0d08ee8faacd0c5e9f272617fa9adf147333ac69,1,false
48,real-control_correct-0e0bf8d361f29f7c-001,control_correct,0e0bf8d361f29f7cf57dff4e6e2adbda70b5bd2a1c4a8422a6545e5a3984ca80,1,false
49,real-control_correct-585dbca476773d3a-001,control_correct,585dbca476773d3ade7f96c038e775a8fd6c087ad53d1d9614cb7104a555abcf,1,false
50,real-truncated-707f12f62e6d4cef-001,truncated,707f12f62e6d4cef817a9ce9987248d10152f65e21f9b66979ea21a1e75aaf48,1,false
51,real-control_correct-066f81dce4312897-001,control_correct,066f81dce43128972aa7077c7ecff4546b7d300f8ff7a61fb80c7dcd7c62a425,1,false
52,real-control_correct-7c345a24b0485152-001,control_correct,7c345a24b0485152684dc31273d469f0912511dc6fd553942846ee1bb4b0be58,1,false
53,real-truncated-d2e93ae35a6c6929-001,truncated,d2e93ae35a6c69294eb1458121de363b2f574e386dbce85a18effa60afa862cf,1,false
54,real-truncated-062cf1ffe5b924fa-001,truncated,062cf1ffe5b924faa1cdc6f75e386d97edab4026c5dc29922c6e2dbdd00c5477,1,false
55,real-truncated-805630023b55e371-001,truncated,805630023b55e371b00257867b7b8ceb97979fde5b64f0a8f75d39ed3b971b2f,1,false
56,real-truncated-3eacef22437fd915-001,truncated,3eacef22437fd915862725d297133b35d7548a058b183d325ca43133f802a6fd,1,false
57,real-truncated-5da13db78fc0a540-001,truncated,5da13db78fc0a5402777645dc95778ae75405fd07f4e0085ababeb40efea6650,1,false
58,real-truncated-4480e573ba66416f-001,truncated,4480e573ba66416f6e9246d28e7a2aae57a668aea59bc8cea511ff9ecb3414a4,1,false
59,real-truncated-5f4343c0d4868050-001,truncated,5f4343c0d4868050d93fe0d70eed2edfe24a874619ad801ae85a5a4eef8f0d69,1,false
60,real-truncated-4749817223a7201d-001,truncated,4749817223a7201d0e2fa4ca25cf45572c498f44932c3eed57300380b6b0cc47,1,false
61,real-control_correct-14b3558563a36d01-001,control_correct,14b3558563a36d01a26009f602236baa907c5e2386da848d4aa5b3f0ecd13564,1,false
62,real-control_correct-52cde770e82e4c2e-001,control_correct,52cde770e82e4c2eedc38e46459f6715742913fcac6682f3946848fca6b5058d,1,false
63,real-truncated-bba38d303fcf87eb-001,truncated,bba38d303fcf87ebdc34ff80803dea08e5bf48532d550674aafaa4f6034a1b6e,1,false
64,real-truncated-d85d90aaf4cc1ca6-001,truncated,d85d90aaf4cc1ca6895320a3a98569e2778c63e61b8d28c5678994235b3de27c,1,false
65,real-truncated-525ccd1eb6fbf139-001,truncated,525ccd1eb6fbf139325152800d77c68140b4210fb5f2c04432b1dc01c369f9f5,1,false
66,real-truncated-e1572c89e32df953-001,truncated,e1572c89e32df9534e7fa35f755e6004cb917783b0c18c8e87079d516a86e9ce,1,false
67,real-truncated-247556f85b1c55a4-001,truncated,247556f85b1c55a49db028fbe7226d35c13ff1ec26d6d3c97bb352c48c69af82,1,false
68,real-truncated-75443d7e611f2187-001,truncated,75443d7e611f218741851489d70f13a97644108ee20ae5a3cb7876077a46349e,1,false
69,real-truncated-35be201956f48fd0-001,truncated,35be201956f48fd07a2e7136d5bece0a11ffd464f88eaf278bfd436862976ed5,1,false
70,real-truncated-9bb1434201a768b2-001,truncated,9bb1434201a768b2d53929b99ee019fa042dcebee3a0b04c66612449cd783672,1,false
71,real-control_correct-a3713e645b1649de-001,control_correct,a3713e645b1649def264ec15be689b43e3561f484c19d5cf125e28f2e863b816,1,false
72,real-control_correct-2154392bb16da70b-001,control_correct,2154392bb16da70bce8a4f5f534384daa46944e5e74ff8c3bb4da8d749462f7b,1,false
73,real-truncated-95b8c4379b5dc2e4-001,truncated,95b8c4379b5dc2e4e4a2ee7bc3155f454ee884f4bb1f89d8d47e4cbd89da9cba,1,false
74,real-truncated-770210b9f8b54309-001,truncated,770210b9f8b54309674d834f48dbe0fabe76c3cd27e646953e8fc0029927b118,1,false
75,real-truncated-89322f67b05ffd2c-001,truncated,89322f67b05ffd2c7d416fcab0768b1d9465096c3b608f83ee9307ae165857e8,1,false
76,real-truncated-1f7af8c0564d30c0-001,truncated,1f7af8c0564d30c0d9a1b7f2a504f2a8a601182019fae963bea782b9a5d7d152,1,false
77,real-truncated-0f4e8f3e7a20e1ab-001,truncated,0f4e8f3e7a20e1ab6474f77fedad276dcac66d250a4a2cc415d31bdfecebf559,1,false
78,real-truncated-88da8be5be46715d-001,truncated,88da8be5be46715d16beae09d459f744a49cf0a13dcaf8b3bfa39f09b8ed5a0b,1,false
79,real-truncated-6082a79b2216cc1e-001,truncated,6082a79b2216cc1e7dc1f94cee0102ee805355edccd7aef073e431ab83125a26,1,false
80,real-truncated-798d25ae0b5abad7-001,truncated,798d25ae0b5abad738adc42591422dcc03713afa94f19e979de1fd56dd22c749,1,false
81,real-control_correct-58e45e3809bf2724-001,control_correct,58e45e3809bf2724615b43ed90af0e4f16b6998bea359b34f76d226333262cb4,1,false
82,real-control_correct-ef625c1ebfd1e6d8-001,control_correct,ef625c1ebfd1e6d8916a4310e425a6149bd2c5b609e91f2715e374723dbde206,1,false
83,real-truncated-b92076fc9cd5e016-001,truncated,b92076fc9cd5e0167d37a57e2ede97070b8982497a70cc7c821951f425de96bc,1,false
84,real-truncated-aaa0d7f68b704bec-001,truncated,aaa0d7f68b704becc94ba1cf38449e97f787a9fc09938bb089f3afd972f6974f,1,false
85,real-control_correct-fc4941cec6e2d7b3-001,control_correct,fc4941cec6e2d7b3035989e726760b24c491e4c6cce8435341ab93e0ed472817,1,false
86,real-control_correct-14a0b724276c5caa-001,control_correct,14a0b724276c5caaaeb068a46a4192494d618d214d36a1f9447a513fb82c5615,1,false
87,real-truncated-55417c12215c3d52-001,truncated,55417c12215c3d52e4832370b3353c3865fddab852d1381400b20d3bd750ec3d,1,false
88,real-control_correct-5aba32f1a8311a80-001,control_correct,5aba32f1a8311a807d73610838dff9d806b274a33774adc6c9a924b54a4a10b1,1,false
89,real-control_correct-2efd83efcd01279f-001,control_correct,2efd83efcd01279fb8a9d25ad7731dd03f6c559a9e5e8e0a48f168a131fb0ee4,1,false
90,real-truncated-7119848ec423bf7a-001,truncated,7119848ec423bf7ac161e956a941193d172c37b37a2d89f88131d8caa14630f2,1,false
91,real-truncated-99187b20ecf0bdb9-001,truncated,99187b20ecf0bdb93f696259970a30f40ef048e722ae78a5388ccc76485346a5,1,false
92,real-truncated-7734823d0e946fc4-001,truncated,7734823d0e946fc4fae56b50a0f33a66757cecdf101fd97fa8c3cedd8ce5034b,1,false
93,real-control_correct-c4ae4e148917ebf3-001,control_correct,c4ae4e148917ebf3cc8a6067339741072aaa943c53ff8b554ecb855ecbc7276f,1,false
94,real-control_correct-d2716747c59bfdd8-001,control_correct,d2716747c59bfdd89f9053d341a22f16f7974432d5c9c062ff7a04ed941307a7,1,false
95,real-truncated-a1cc1d1204da2de1-001,truncated,a1cc1d1204da2de1dfedd02f8af9918e2e6f4a652aea1567a98e7be7a92978b7,1,false
96,real-truncated-8ccb63cb04064591-001,truncated,8ccb63cb04064591efbc4a2fab92f0c64076a087be0bf15ef83d8646e0060c83,1,false
97,real-truncated-ef7b1a56c6749a3f-001,truncated,ef7b1a56c6749a3f7d4f11702d8d821c51f4e172a79e97ec68cdc8bb8ee73ee5,1,false
98,real-control_correct-62093781aed9b537-001,control_correct,62093781aed9b5371f67884db5e129366f29d9940aa5de8a08fc3f9225c43700,1,false
99,real-control_correct-b286790a32a1fbe8-001,control_correct,b286790a32a1fbe8534253f724a0812ce44bc1f8c8ded25ce41e09aa18798bce,1,false
100,real-truncated-4d3201f20fa1bbd7-001,truncated,4d3201f20fa1bbd7b9037840d53f6e3a5585ca8f670d01f81b986c996e345c27,1,false
101,real-truncated-268a568ac4786f87-001,truncated,268a568ac4786f87b8f794f4339766c5423ae77e7737c73774a533ec66d961c1,1,false
102,real-truncated-fe7eed6c63be702d-001,truncated,fe7eed6c63be702db8d199fde000a256b70f1cf5bc19524d1b96bc37c2a127c3,1,false
103,real-truncated-e730046d14071b1b-001,truncated,e730046d14071b1bfa89ea87e7f08b23a84a496edbc6666cd23608f045956287,1,false
104,real-truncated-22d120ff2613fb3c-001,truncated,22d120ff2613fb3c00f8338d79143800cda6a2b22bc53139f56db53fcdef0cf5,1,false
105,real-truncated-44a1889a65c89a98-001,truncated,44a1889a65c89a9865d908e9c2725d00a2fb5fac88d6a537ec0ec73f2701a0e4,1,false
106,real-truncated-3044f9e5b658cf47-001,truncated,3044f9e5b658cf4741fd414dd67176e9580dbb58e17cebb7d30bb199ba7a73d0,1,false
107,real-truncated-9dba0a611623ccce-001,truncated,9dba0a611623ccced6e26ca9284f89181fa5da22082b1fbe95098e04fab38da6,1,false
108,real-control_correct-d18b4c82b12f0306-001,control_correct,d18b4c82b12f0306b20f53dccf2a270144a8a0c4360bf7938df53b2d2e0ddf6d,1,false
109,real-control_correct-96dfc10499a820c6-001,control_correct,96dfc10499a820c620411dd84ea5413b22918d29e79e673705f06f4135500814,1,false
110,real-truncated-56ad692d3950a6ae-001,truncated,56ad692d3950a6ae19ad9fe9114a99d0d9f0f4b8dce6fb89f9271b5c781acf7f,1,false
111,real-truncated-6279f7b6b01ea2e2-001,truncated,6279f7b6b01ea2e261fdc1a929400436acd816c7c5df93c0ab517a9e0dd7273e,1,false
112,real-truncated-210fbcf5ff0f49e9-001,truncated,210fbcf5ff0f49e93ec24ac1d9d1ed09b3f1b1a88e997e8480ec9372ac96a412,1,false
113,real-control_correct-3ec3306f5f7bc543-001,control_correct,3ec3306f5f7bc543b801493d920c22396d1b557fc343d03c8db5d092a0b19c5c,1,false
114,real-control_correct-337848c60cd45f12-001,control_correct,337848c60cd45f12c4ebf86a6eec7c36eb82a5e52d64294b4cde7dc95187145f,1,false
115,real-truncated-8b88e292ba1b4c5c-001,truncated,8b88e292ba1b4c5c87f63a56837b83c5b4302dc42159659adb416f0d67346946,1,false
116,real-truncated-bc0e37aef7f95216-001,truncated,bc0e37aef7f952163e9465820481ce665f4a608c70d24c9d50b3f9ea50479873,1,false
117,real-truncated-af0577d51fd778a1-001,truncated,af0577d51fd778a16a85cf35dd6859a9fc45b3ba55b41e61a706f7bf7b3a3fc5,1,false
118,real-truncated-8ee42cd3eba12ec6-001,truncated,8ee42cd3eba12ec6c63525c97403723d6abac3200e140c24bdfc15e09971f25c,1,false
119,real-control_correct-8494ad4e58faefe9-001,control_correct,8494ad4e58faefe9de1fbd1f4f515bdc261c538158d25c132a2e1e05950e2002,1,false
120,real-control_correct-0f0941eab1767f38-001,control_correct,0f0941eab1767f3866afd088c9e653fa1d11e0fd398202f4390ad6c0067e148a,1,false
121,real-truncated-11779f2fc604d057-001,truncated,11779f2fc604d05774cdfcc33776d20ae7bebf70878092a051771f884f54a5be,1,false
122,real-truncated-eface0049132e97d-001,truncated,eface0049132e97de99850fedacbf0b9220603a54f9c6d8b2e5e07adf4ec23d1,1,false
123,real-truncated-5713bc6fb1dfa8d0-001,truncated,5713bc6fb1dfa8d0fa19923133e4786bedc25b2f412a2eb92b7d1cd22e57f602,1,false
124,real-truncated-505bc873a129bcd1-001,truncated,505bc873a129bcd154d7bd2d19198cd39772d4e2a50a1f77d78a6320ee1a5a06,1,false
125,real-truncated-6853bba8299795d5-001,truncated,6853bba8299795d50f29de59323e2abc6616d84b7ce1d9d103f301570b8551e6,1,false
126,real-truncated-20f1e0708a19abc4-001,truncated,20f1e0708a19abc41f143706f8422613b43151c4d2024bf3ff425913481c87ab,1,false
127,real-truncated-6e4eb7af77ed2ff8-001,truncated,6e4eb7af77ed2ff8fc49bcfd48a21e3515f178f317d9a41731756a58cf0c02ee,1,false
128,real-truncated-8ea28fa7707b3025-001,truncated,8ea28fa7707b30253c62d3c6f12f0e225ad9e2052c12f312087f72576b19f4f7,1,false
129,real-control_correct-beea208faf3d4bf4-001,control_correct,beea208faf3d4bf4392482c9490cc1ab829175e6df72e01bc534a69be3f1983c,1,false
130,real-control_correct-49c6c44114b703fb-001,control_correct,49c6c44114b703fb9063cca4c0fabf5c4d731afdadf41cb90e31411a6c68c3a1,1,false
131,real-truncated-d8eeb7b64dd7015a-001,truncated,d8eeb7b64dd7015ad748f647d58e8a9be8389560d9bbe529fecadc6118a83c53,1,false
132,real-control_correct-7e4dcc5a2d2dc94f-001,control_correct,7e4dcc5a2d2dc94f8b56c72d112abf0af0a874b807202c0e41ad5c4dc69e7e72,1,false
133,real-control_correct-f3c4bd0f7b512e57-001,control_correct,f3c4bd0f7b512e5789fd18a82bf6669c6504253dd239b0433e4047be872bc0d3,1,false
134,real-truncated-fb10e3776314a519-001,truncated,fb10e3776314a519b1f4fa9fa470e3357664b7c37188c9d15d88938258cce2ca,1,false
135,real-truncated-ccd8a323f6c2b744-001,truncated,ccd8a323f6c2b7443632d6f1786c757c4eef9222128f3bf83eeff3f186ff3fe4,1,false
136,real-truncated-1828f5a31563f6e3-001,truncated,1828f5a31563f6e38cbc9b723d4434879ef070b7b077f9002ce448202e790222,1,false
137,real-truncated-a5460d50cb8daafc-001,truncated,a5460d50cb8daafcd62040e4e0191d19b947d9ab05e1b1931729d07c1cded055,1,false
138,real-truncated-e7536ddc4697865a-001,truncated,e7536ddc4697865a44d3055bcef75a127881080734b82bef17ab1d7efe9b8a99,1,false
139,real-truncated-3b6b5e2e07c8adab-001,truncated,3b6b5e2e07c8adabd0397647d65b6886a8248f68062eaf8cb5d6ac8a7219ce8f,1,false
140,real-truncated-45fd9dd0b16def99-001,truncated,45fd9dd0b16def99b1646fbbd0299a1131cf0552f5a5f9f686ff8ba55f37842d,1,false
141,real-truncated-390931de8b8a68ae-001,truncated,390931de8b8a68ae93da37965a787e0ca2cb82adca18a6439015f8325e079b11,1,false
142,real-control_correct-77dca34ea2834915-001,control_correct,77dca34ea28349158475a6e975f0351b8e72bc50ca35392ea4614894944ff12b,1,false
143,real-control_correct-f61d7cc8e44486cd-001,control_correct,f61d7cc8e44486cdfb516b9c0ace45269082304667c5c77df381e5f01edf9e8e,1,false
144,real-truncated-23c7087e22382c85-001,truncated,23c7087e22382c85dcb53b9aaa5a1531e5aae56c5a5368ed6398aa9a6ccc56f4,1,false
145,real-truncated-740acaaa5658c524-001,truncated,740acaaa5658c5242384b5814f28515b194b2a0a983348e437771a1ae9dae275,1,false
146,real-truncated-e6a7555e64fb1fc8-001,truncated,e6a7555e64fb1fc8ab9d0ae13a74a9e76e83d5dd38043ebf1e5166fe42fdf63a,1,false
147,real-truncated-d4aec9cd22f44d16-001,truncated,d4aec9cd22f44d163e1a7478744242e89031ce2852a86b2285bf06df21ae2c7b,1,false
148,real-truncated-4ea3c98b3c90e29e-001,truncated,4ea3c98b3c90e29e454895d56fdd4df0a42c55c9b61e5f615eecc9a58a614404,1,false
149,real-truncated-f9eaa5fd29415a58-001,truncated,f9eaa5fd29415a585e773c2456f646fc88df45a28654a8208d239276fe8fd51f,1,false
150,real-truncated-85c7b95581c097ef-001,truncated,85c7b95581c097ef2c30b4bd852581f8df459444da9e97f1a538d0a49482e0b7,1,false
151,real-truncated-aa1b94cca1993363-001,truncated,aa1b94cca19933633273f18136d891579d8a272383cd2c14287d834d35b2bf45,1,false
152,real-control_correct-83db8adebe9798de-001,control_correct,83db8adebe9798deb987a66602b7682c386669cd2bd26357b752043695a49ed0,1,false
153,real-control_correct-b745903bf49608cc-001,control_correct,b745903bf49608cc5a043066c715d23e1c730b5ca943af6202fe32ff3ac71e80,1,false
154,real-truncated-6ee8443d1d436cf6-001,truncated,6ee8443d1d436cf665de5b3bfe96878a8416b1fa6692c882e4fba9afba49726f,1,false
155,real-truncated-6ee8443d1d436cf6-002,truncated,6ee8443d1d436cf665de5b3bfe96878a8416b1fa6692c882e4fba9afba49726f,2,false
156,real-truncated-6ee8443d1d436cf6-003,truncated,6ee8443d1d436cf665de5b3bfe96878a8416b1fa6692c882e4fba9afba49726f,3,false
157,real-truncated-5281b3506686a184-001,truncated,5281b3506686a184ffc0adfc98c1af31e6d95d835e29b83fc6d99f890d40d359,1,false
158,real-truncated-5281b3506686a184-002,truncated,5281b3506686a184ffc0adfc98c1af31e6d95d835e29b83fc6d99f890d40d359,2,false
159,real-truncated-5281b3506686a184-003,truncated,5281b3506686a184ffc0adfc98c1af31e6d95d835e29b83fc6d99f890d40d359,3,false
160,real-control_correct-2c758d44ca541778-001,control_correct,2c758d44ca54177893156b4bc91dadbf8fcce8bb5644c65416a16012f6497483,1,false
161,real-control_correct-4a3fdef251946148-001,control_correct,4a3fdef25194614879d182b137d8f0a611f13bf5fb81766cceeb26fc2c5ee404,1,false
162,real-truncated-abb81d1b8c4db67a-001,truncated,abb81d1b8c4db67a50dd709501596f1668db2b69af649b876f2f58ff3d7092f7,1,false
163,real-truncated-a79daf5eab47793c-001,truncated,a79daf5eab47793c5702ae66790f08f6453e2e98a6ca81204a03bbea2d28e4b4,1,false
164,real-truncated-16277ed40a76d930-001,truncated,16277ed40a76d9308cbc6ace54a8f216c9685d4db40afd1b7dfb617066e1d1a3,1,false
165,real-truncated-e4e046aee036728b-001,truncated,e4e046aee036728bfdebf5387141c4fc2fe8c3dfdf06b03d3439edb80c426dc0,1,false
166,real-truncated-6dd1f374f6ed08df-001,truncated,6dd1f374f6ed08df84951e7ada0f263aad9176983fbe6a50a98637727a3b0992,1,false
167,real-truncated-0d2658ccd619147a-001,truncated,0d2658ccd619147a54593970d74898eb03bee6edb2eda0d3864129d8035a9167,1,false
168,real-truncated-74696bb1b2b136e8-001,truncated,74696bb1b2b136e88004c20b586db54e3aeb18910d81e81fde9a71b278eeeb3a,1,false
169,real-truncated-fdfa2be691dea487-001,truncated,fdfa2be691dea487004faa5c089f98c0fee29ba4bb22131be892c029ac5ae1e4,1,false
170,real-control_correct-0ec44c79139c33e2-001,control_correct,0ec44c79139c33e27b14216a2593b0c23e851980300db84ff3d175cae35c7d6c,1,false
171,real-control_correct-81b17ec6e1a7d1a8-001,control_correct,81b17ec6e1a7d1a8d5d750fd7493c4715e1954cf368dfe2695e45147a6e6e95a,1,false
172,real-truncated-075bf5961ff00993-001,truncated,075bf5961ff009939ed732e812715744269c5743c2c56e429fe85f1a8f1610ac,1,true
173,real-truncated-075bf5961ff00993-002,truncated,075bf5961ff009939ed732e812715744269c5743c2c56e429fe85f1a8f1610ac,2,true
174,real-truncated-17eebdd1a966e5f0-001,truncated,17eebdd1a966e5f010e5d6b2247deef7e365790d23603c8612419db2854c00ba,1,true
175,real-truncated-a4bb63b5ba4a773e-001,truncated,a4bb63b5ba4a773e6e12e09a05b750fb0707f84c8d1c61cd6178baacfa4c5c20,1,true
176,real-truncated-a4bb63b5ba4a773e-002,truncated,a4bb63b5ba4a773e6e12e09a05b750fb0707f84c8d1c61cd6178baacfa4c5c20,2,true
177,real-truncated-a4bb63b5ba4a773e-003,truncated,a4bb63b5ba4a773e6e12e09a05b750fb0707f84c8d1c61cd6178baacfa4c5c20,3,true
178,real-control_correct-0e5f87e242720bf2-001,control_correct,0e5f87e242720bf2de7ebd57149ade9f938e8074df4d81048ec1c6cc558c16c2,1,false
179,real-control_correct-593135bb2de509c3-001,control_correct,593135bb2de509c35d7ed004ae70cb08805ba403257ba09ff248a70922d6e65e,1,false
180,real-truncated-355520fb8f2104ec-001,truncated,355520fb8f2104ec2ad9e2b91522ff3b87993f5aa7b321444f9c970ef8a1bdff,1,false
181,real-control_correct-c56c011273c6c234-001,control_correct,c56c011273c6c234e4caf971cec01eb10ba14e3c01ab7e97ada00b81ce559029,1,false
182,real-control_correct-29005d671726f869-001,control_correct,29005d671726f869040e58bb43bb83fee6e1a774706567d54d560f1048bcb929,1,false
183,real-truncated-49565e194413328d-001,truncated,49565e194413328d2732e3afa9a75242519feef907dd216eed46324411673d60,1,false
184,real-truncated-85f19c1e57445cde-001,truncated,85f19c1e57445cde5ac6b7a61536d1426df56ccda56b548f99face0d47c8ceed,1,false
185,real-truncated-bd836ccf84464689-001,truncated,bd836ccf84464689b8105d9cdc59bc2da471780676df8778a2cc8d166adb3915,1,false
186,real-truncated-b881db2f3106d76e-001,truncated,b881db2f3106d76e0ac6bfb5ac7ebb509a796b2d8f2f1967c87b36280bffbfc5,1,false
187,real-control_correct-67c0cfb485b8e0e1-001,control_correct,67c0cfb485b8e0e1302db89d4a7e2f9319d371092add1ad24b08fffa51cd8936,1,false
188,real-control_correct-afc87305e9694a73-001,control_correct,afc87305e9694a73d975795ffcc53f120fcd87c68a077fe6cc6fd4964a99045e,1,false
189,real-truncated-58796eda234de823-001,truncated,58796eda234de8235ee3f27ce6f71f023f43659827048a736c91d2d4b9023132,1,false
190,real-control_correct-e7d166d098fcef41-001,control_correct,e7d166d098fcef4133277117cba42a962f6d7fe55ccddd5d980c95426a81eb6e,1,false
191,real-control_correct-c377b550ceb9090b-001,control_correct,c377b550ceb9090be64100c281b6c082afefbe29d78a68987e169c15ad6379d7,1,false
192,real-truncated-d876807b9ced546e-001,truncated,d876807b9ced546e7b86c58d20f89e580f780793097d9d050a19d7d50ae9dddf,1,true
193,real-control_correct-b4137beeac8ed865-001,control_correct,b4137beeac8ed865268e3a7343e9925c7b28fd250ef9d2266bb589a85b0d954d,1,false
194,real-control_correct-8124daee9eec1012-001,control_correct,8124daee9eec10126afd0b557dc4a08b5c512758846d265d9212623f953c2f52,1,false
